Name,Protein identifier,Contig id,Start,Stop,Strand,Gene symbol,Sequence name,Scope,Element type,Element subtype,Class,Subclass,Method,Target length,Reference sequence length,% Coverage of reference sequence,% Identity to reference sequence,Alignment length,Accession of closest sequence,Name of closest sequence,HMM id,HMM description
INOH1078ai,,NODE_11_length_112806_cov_30.257047,93650,94879,+,mdtM,multidrug efflux MFS transporter MdtM,plus,AMR,AMR,EFFLUX,EFFLUX,BLASTX,410,410,100.0,97.8,410,AAC77293.1,multidrug efflux MFS transporter MdtM,,
INOH1078ai,,NODE_19_length_82904_cov_29.539013,11403,15650,+,fdeC,inverse autotransporter adhesin FdeC,plus,VIRULENCE,VIRULENCE,,,BLASTX,1416,1416,100.0,94.21,1416,ABE05822.1,inverse autotransporter adhesin FdeC,,
INOH1078ai,,NODE_34_length_39524_cov_25.515789,21183,22538,+,glpT_E448K,Escherichia fosfomycin resistant GlpT,core,AMR,POINT,FOSFOMYCIN,FOSFOMYCIN,POINTX,452,452,100.0,99.78,452,WP_000948731.1,glycerol-3-phosphate transporter GlpT,,
INOH1078ai,,NODE_3_length_174516_cov_32.296605,136593,137723,+,blaEC,BlaEC family class C beta-lactamase,plus,AMR,AMR,BETA-LACTAM,BETA-LACTAM,BLASTX,377,377,100.0,97.88,377,WP_063610930.1,extended-spectrum class C beta-lactamase EC-15,,
INOH1078ai,,NODE_40_length_36678_cov_24.977719,8857,11715,+,clpK,heat shock survival AAA family ATPase ClpK,plus,STRESS,HEAT,,,BLASTX,953,949,100.0,94.33,953,ASF80763.1,heat shock survival AAA family ATPase ClpK,,
INOH1078ai,,NODE_40_length_36678_cov_24.977719,14593,15048,+,shsP,small heat shock protein sHSP20-GI,plus,STRESS,HEAT,,,BLASTX,152,152,100.0,98.68,152,ASF80771.1,small heat shock protein sHSP20-GI,,
INOH1078ai,,NODE_40_length_36678_cov_24.977719,15074,15985,+,yfdX1,heat resistance protein YfdX1,plus,STRESS,HEAT,,,BLASTX,304,304,100.0,95.07,304,APX31172.1,heat resistance protein YfdX1,,
INOH1078ai,,NODE_40_length_36678_cov_24.977719,16091,16975,+,yfdX2,heat resistance protein YfdX2,plus,STRESS,HEAT,,,BLASTX,295,295,100.0,93.9,295,ASF80766.1,heat resistance protein YfdX2,,
INOH1078ai,,NODE_40_length_36678_cov_24.977719,17075,17683,+,hdeD-GI,heat resistance membrane protein HdeD-GI,plus,STRESS,HEAT,,,BLASTX,203,203,100.0,90.15,203,APX31174.1,heat resistance membrane protein HdeD-GI,,
INOH1078ai,,NODE_40_length_36678_cov_24.977719,20860,21297,+,trxLHR,heat resistance system thioredoxin Trx-GI,plus,STRESS,HEAT,,,BLASTX,146,146,100.0,90.41,146,APX31176.1,heat resistance system thioredoxin Trx-GI,,
INOH1078ai,,NODE_59_length_18366_cov_34.234521,2362,2928,+,hsp20,small heat shock protein sHSP20,plus,STRESS,HEAT,,,BLASTX,189,189,100.0,98.94,189,CDY80020.1,small heat shock protein sHSP20,,
INOH1078ai,,NODE_59_length_18366_cov_34.234521,3037,5883,+,clpK,heat shock survival AAA family ATPase ClpK,plus,STRESS,HEAT,,,BLASTX,949,949,100.0,99.58,949,ASF80763.1,heat shock survival AAA family ATPase ClpK,,
INOH1078ai,,NODE_59_length_18366_cov_34.234521,7944,8399,+,shsP,small heat shock protein sHSP20-GI,plus,STRESS,HEAT,,,BLASTX,152,152,100.0,97.37,152,ASF80771.1,small heat shock protein sHSP20-GI,,
INOH1078ai,,NODE_59_length_18366_cov_34.234521,8424,9329,+,yfdX1,heat resistance protein YfdX1,plus,STRESS,HEAT,,,BLASTX,302,304,100.0,92.11,304,APX31172.1,heat resistance protein YfdX1,,
INOH1078ai,,NODE_59_length_18366_cov_34.234521,9435,10319,+,yfdX2,heat resistance protein YfdX2,plus,STRESS,HEAT,,,BLASTX,295,295,100.0,96.27,295,ASF80766.1,heat resistance protein YfdX2,,
INOH1078ai,,NODE_59_length_18366_cov_34.234521,10412,11020,+,hdeD-GI,heat resistance membrane protein HdeD-GI,plus,STRESS,HEAT,,,EXACTX,203,203,100.0,100.0,203,APX31174.1,heat resistance membrane protein HdeD-GI,,
INOH1078ai,,NODE_59_length_18366_cov_34.234521,12238,12675,+,trxLHR,heat resistance system thioredoxin Trx-GI,plus,STRESS,HEAT,,,BLASTX,146,146,100.0,98.63,146,APX31176.1,heat resistance system thioredoxin Trx-GI,,
INOH1078ai,,NODE_59_length_18366_cov_34.234521,12682,14394,+,kefB-GI,heat resistance system K+/H+ antiporter KefB-GI,plus,STRESS,HEAT,,,BLASTX,571,571,100.0,99.3,571,APX31177.1,heat resistance system K+/H+ antiporter KefB-GI,,
INOH1078ai,,NODE_59_length_18366_cov_34.234521,14394,14888,+,psi-GI,heat resistance protein PsiE-GI,plus,STRESS,HEAT,,,BLASTX,165,165,100.0,98.18,165,APX31178.1,heat resistance protein PsiE-GI,,
INOH1078ai,,NODE_7_length_139810_cov_29.738353,5585,6736,-,espX1,type III secretion system effector EspX1,plus,VIRULENCE,VIRULENCE,,,INTERNAL_STOP,384,473,81.18,86.01,386,ADD54679.1,type III secretion system effector EspX1,,
INOH1078ai,,NODE_95_length_2255_cov_26.856215,1971,2156,-,emrE,multidrug efflux SMR transporter EmrE,plus,STRESS,BIOCIDE,EFFLUX,EFFLUX,PARTIALX,62,110,56.36,95.16,62,CAA77936.1,multidrug efflux SMR transporter EmrE,,
INOH1078ai,,NODE_9_length_128507_cov_30.750164,5393,8494,-,acrF,multidrug efflux RND transporter permease subunit AcrF,plus,AMR,AMR,EFFLUX,EFFLUX,INTERNAL_STOP,1034,1034,100.0,99.42,1034,AAC76298.1,multidrug efflux RND transporter permease subunit AcrF,,
INOH1079bi,,NODE_11_length_147193_cov_30.503236,15359,16777,-,espX1,type III secretion system effector EspX1,plus,VIRULENCE,VIRULENCE,,,INTERNAL_STOP,473,473,100.0,90.91,473,ADD54679.1,type III secretion system effector EspX1,,
INOH1079bi,,NODE_12_length_139234_cov_33.767025,4486,4905,-,merC,organomercurial transporter MerC,plus,STRESS,METAL,MERCURY,ORGANOMERCURY,EXACTX,140,140,100.0,100.0,140,AAC33908.1,organomercurial transporter MerC,,
INOH1079bi,,NODE_12_length_139234_cov_33.767025,4944,5216,-,merP,mercury resistance system periplasmic binding protein MerP,plus,STRESS,METAL,MERCURY,MERCURY,BLASTX,91,91,100.0,90.11,91,AAC38219.1,mercury resistance system periplasmic binding protein MerP,,
INOH1079bi,,NODE_12_length_139234_cov_33.767025,5233,5580,-,merT,mercuric transport protein MerT,plus,STRESS,METAL,MERCURY,MERCURY,EXACTX,116,116,100.0,100.0,116,AAB59075.1,mercuric transport protein MerT,,
INOH1079bi,,NODE_12_length_139234_cov_33.767025,5652,6083,+,merR,mercury resistance transcriptional regulator MerR,plus,STRESS,METAL,MERCURY,MERCURY,BLASTX,144,144,100.0,93.75,144,CAA77320.1,mercury resistance transcriptional regulator MerR,,
INOH1079bi,,NODE_12_length_139234_cov_33.767025,8119,9315,+,tet(A),tetracycline efflux MFS transporter Tet(A),core,AMR,AMR,TETRACYCLINE,TETRACYCLINE,EXACTX,399,399,100.0,100.0,399,WP_000804064.1,tetracycline efflux MFS transporter Tet(A),,
INOH1079bi,,NODE_12_length_139234_cov_33.767025,108446,109015,-,lpfA-O113,long polar fimbria major subunit LpfA-O113,plus,VIRULENCE,VIRULENCE,,,BLASTX,190,190,100.0,99.47,190,AAT76975.1,long polar fimbria major subunit LpfA-O113,,
INOH1079bi,,NODE_13_length_135512_cov_24.195232,39151,39480,+,emrE,multidrug efflux SMR transporter EmrE,plus,STRESS,BIOCIDE,EFFLUX,EFFLUX,BLASTX,110,110,100.0,97.27,110,CAA77936.1,multidrug efflux SMR transporter EmrE,,
INOH1079bi,,NODE_14_length_135437_cov_33.167721,20621,21709,+,pmrB_Y358N,Escherichia colistin resistant PmrB,core,AMR,POINT,COLISTIN,COLISTIN,POINTX,363,363,100.0,99.45,363,WP_001300761.1,two-component system sensor histidine kinase PmrB,,
INOH1079bi,,NODE_15_length_126509_cov_25.384052,122875,125499,-,gyrA_S83L,Escherichia quinolone resistant GyrA,core,AMR,POINT,QUINOLONE,QUINOLONE,POINTX,875,878,99.66,99.09,875,WP_001281243.1,DNA gyrase subunit A GyrA,,
INOH1079bi,,NODE_16_length_117191_cov_30.925947,75796,77025,+,mdtM,multidrug efflux MFS transporter MdtM,plus,AMR,AMR,EFFLUX,EFFLUX,BLASTX,410,410,100.0,97.8,410,AAC77293.1,multidrug efflux MFS transporter MdtM,,
INOH1079bi,,NODE_1_length_484006_cov_24.552707,368933,369196,+,ariR,biofilm/acid-resistance regulator AriR,plus,STRESS,ACID,,,EXACTX,88,88,100.0,100.0,88,AAC74250.1,biofilm/acid-resistance regulator AriR,,
INOH1079bi,,NODE_20_length_100537_cov_26.233836,88522,89877,+,glpT_E448K,Escherichia fosfomycin resistant GlpT,core,AMR,POINT,FOSFOMYCIN,FOSFOMYCIN,POINTX,452,452,100.0,99.34,452,WP_000948731.1,glycerol-3-phosphate transporter GlpT,,
INOH1079bi,,NODE_21_length_98528_cov_32.601957,4681,5811,-,blaEC,BlaEC family class C beta-lactamase,plus,AMR,AMR,BETA-LACTAM,BETA-LACTAM,BLASTX,377,377,100.0,98.94,377,WP_063610930.1,extended-spectrum class C beta-lactamase EC-15,,
INOH1079bi,,NODE_22_length_98027_cov_29.993822,52591,56838,+,fdeC,inverse autotransporter adhesin FdeC,plus,VIRULENCE,VIRULENCE,,,BLASTX,1416,1416,100.0,94.07,1416,ABE05822.1,inverse autotransporter adhesin FdeC,,
INOH1079bi,,NODE_24_length_95250_cov_31.511545,5394,8495,-,acrF,multidrug efflux RND transporter permease subunit AcrF,plus,AMR,AMR,EFFLUX,EFFLUX,BLASTX,1034,1034,100.0,99.61,1034,AAC76298.1,multidrug efflux RND transporter permease subunit AcrF,,
INOH1079bi,,NODE_36_length_34112_cov_28.512980,25749,26039,+,iss,increased serum survival lipoprotein Iss,plus,VIRULENCE,VIRULENCE,,,EXACTX,97,97,100.0,100.0,97,CAR12622.1,increased serum survival lipoprotein Iss,,
INOH1079bi,,NODE_39_length_29466_cov_11.770525,3990,4337,+,aap,dispersin Aap,plus,VIRULENCE,VIRULENCE,,,EXACTX,116,116,100.0,100.0,116,BAF34018.1,dispersin Aap,,
INOH1079bi,,NODE_39_length_29466_cov_11.770525,10780,11535,+,agg4D,aggregative adherence fimbria 4 chaperone Agg4D/HdaD,plus,VIRULENCE,VIRULENCE,,,BLASTX,252,252,100.0,99.21,252,BAF33888.1,aggregative adherence fimbria 4 chaperone Agg4D/HdaD,,
INOH1079bi,,NODE_39_length_29466_cov_11.770525,14634,15152,+,agg4A,aggregative adherence fimbria 4 major subunit Agg4A/HdaA,plus,VIRULENCE,VIRULENCE,,,BLASTX,173,170,100.0,84.97,173,BAF33891.1,aggregative adherence fimbria 4 major subunit Agg4A/HdaA,,
INOH1079bi,,NODE_39_length_29466_cov_11.770525,19709,20944,+,aatA,dispersin export ABC transporter outer membrane protein AatA,plus,VIRULENCE,VIRULENCE,,,BLASTX,412,412,100.0,99.76,412,BAF33901.1,dispersin export ABC transporter outer membrane protein AatA,,
INOH1079bi,,NODE_3_length_316635_cov_32.435988,50271,50792,+,lpfA,long polar fimbria major subunit LpfA,plus,VIRULENCE,VIRULENCE,,,EXACTX,174,174,100.0,100.0,174,CAV00478.1,long polar fimbria major subunit LpfA,,
INOH1079bi,,NODE_42_length_25777_cov_32.469429,745,2025,+,iucD,NADPH-dependent L-lysine N(6)-monooxygenase IucD,plus,VIRULENCE,VIRULENCE,,,BLASTX,427,445,95.96,99.53,427,AAD44749.1,NADPH-dependent L-lysine N(6)-monooxygenase IucD,,
INOH1079bi,,NODE_42_length_25777_cov_32.469429,2072,4264,+,iutA,ferric aerobactin receptor IutA,plus,VIRULENCE,VIRULENCE,,,BLASTX,731,731,100.0,99.59,731,AAN45165.2,ferric aerobactin receptor IutA,,
INOH1079bi,,NODE_42_length_25777_cov_32.469429,7714,9801,+,iha,bifunctional siderophore receptor/adhesin Iha,plus,VIRULENCE,VIRULENCE,,,EXACTX,696,696,100.0,100.0,696,AFS75030.1,bifunctional siderophore receptor/adhesin Iha,,
INOH1079bi,,NODE_42_length_25777_cov_32.469429,16067,19921,-,sigA,serine protease autotransporter toxin SigA,plus,VIRULENCE,VIRULENCE,,,BLASTX,1285,1285,100.0,99.84,1285,AAN44449.1,serine protease autotransporter toxin SigA,,
INOH1079bi,,NODE_50_length_9873_cov_10.317475,7267,8988,+,iucA,aerobactin synthase IucA,plus,VIRULENCE,VIRULENCE,,,BLASTX,574,576,100.0,95.31,576,EGI25746.1,aerobactin synthase IucA,,
INOH1079bi,,NODE_50_length_9873_cov_10.317475,8992,9873,+,iucB,N(6)-hydroxylysine O-acetyltransferase IucB,plus,VIRULENCE,VIRULENCE,,,BLASTX,294,315,93.33,95.92,294,AAN82074.1,N(6)-hydroxylysine O-acetyltransferase IucB,,
INOH1079bi,,NODE_51_length_9864_cov_11.502407,1920,2714,+,aggR,aggregative adherence transcriptional regulator AggR,plus,VIRULENCE,VIRULENCE,,,EXACTX,265,265,100.0,100.0,265,BAF33878.1,aggregative adherence transcriptional regulator AggR,,
INOH1079bi,,NODE_51_length_9864_cov_11.502407,5295,6380,+,capU,putative hexosyltransferase CapU,plus,VIRULENCE,VIRULENCE,,,EXACTX,362,362,100.0,100.0,362,CAV02025.1,putative hexosyltransferase CapU,,
INOH1079bi,,NODE_58_length_4584_cov_95.402230,111,944,-,aph(6)-Id,aminoglycoside O-phosphotransferase APH(6)-Id,core,AMR,AMR,AMINOGLYCOSIDE,STREPTOMYCIN,EXACTX,278,278,100.0,100.0,278,WP_000480968.1,aminoglycoside O-phosphotransferase APH(6)-Id,,
INOH1079bi,,NODE_58_length_4584_cov_95.402230,947,1747,-,aph(3'')-Ib,aminoglycoside O-phosphotransferase APH(3'')-Ib,core,AMR,AMR,AMINOGLYCOSIDE,STREPTOMYCIN,EXACTX,267,267,100.0,100.0,267,WP_001082319.1,aminoglycoside O-phosphotransferase APH(3'')-Ib,,
INOH1079bi,,NODE_58_length_4584_cov_95.402230,1811,2623,-,sul2,sulfonamide-resistant dihydropteroate synthase Sul2,core,AMR,AMR,SULFONAMIDE,SULFONAMIDE,EXACTX,271,271,100.0,100.0,271,WP_001043265.1,sulfonamide-resistant dihydropteroate synthase Sul2,,
INOH1079bi,,NODE_60_length_4287_cov_13.274355,448,2634,-,iutA,ferric aerobactin receptor IutA,plus,VIRULENCE,VIRULENCE,,,BLASTX,729,731,99.73,89.71,729,AAN45165.2,ferric aerobactin receptor IutA,,
INOH1079bi,,NODE_60_length_4287_cov_13.274355,2731,4005,-,iucD,NADPH-dependent L-lysine N(6)-monooxygenase IucD,plus,VIRULENCE,VIRULENCE,,,BLASTX,425,445,95.51,97.41,425,AAD44749.1,NADPH-dependent L-lysine N(6)-monooxygenase IucD,,
INOH1079bi,,NODE_62_length_4155_cov_105.480769,89,859,-,sul1,sulfonamide-resistant dihydropteroate synthase Sul1,core,AMR,AMR,SULFONAMIDE,SULFONAMIDE,BLASTX,257,275,93.45,98.83,257,WP_063855066.1,sulfonamide-resistant dihydropteroate synthase Sul1,,
INOH1079bi,,NODE_62_length_4155_cov_105.480769,856,1200,-,qacEdelta1,quaternary ammonium compound efflux SMR transporter QacE delta 1,core,STRESS,BIOCIDE,QUATERNARY AMMONIUM,QUATERNARY AMMONIUM,ALLELEX,115,115,100.0,100.0,115,WP_000679427.1,quaternary ammonium compound efflux SMR transporter QacE delta 1,,
INOH1079bi,,NODE_62_length_4155_cov_105.480769,1433,1903,-,dfrA7,trimethoprim-resistant dihydrofolate reductase DfrA7,core,AMR,AMR,TRIMETHOPRIM,TRIMETHOPRIM,EXACTX,157,157,100.0,100.0,157,WP_000703418.1,trimethoprim-resistant dihydrofolate reductase DfrA7,,
INOH1079bi,,NODE_67_length_2907_cov_29.720798,775,2022,+,iucA,aerobactin synthase IucA,plus,VIRULENCE,VIRULENCE,,,PARTIALX,416,576,72.22,99.04,416,EGI25746.1,aerobactin synthase IucA,,
INOH1079bi,,NODE_67_length_2907_cov_29.720798,2026,2907,+,iucB,N(6)-hydroxylysine O-acetyltransferase IucB,plus,VIRULENCE,VIRULENCE,,,BLASTX,294,315,93.33,99.32,294,AAN82074.1,N(6)-hydroxylysine O-acetyltransferase IucB,,
INOH1079bi,,NODE_73_length_1823_cov_97.451093,433,1290,+,blaTEM-1,broad-spectrum class A beta-lactamase TEM-1,core,AMR,AMR,BETA-LACTAM,BETA-LACTAM,ALLELEX,286,286,100.0,100.0,286,WP_000027057.1,broad-spectrum class A beta-lactamase TEM-1,,
INOH1079bi,,NODE_79_length_1258_cov_36.559103,165,1256,+,iucC,NIS family aerobactin synthetase IucC,plus,VIRULENCE,VIRULENCE,,,PARTIAL_CONTIG_ENDX,364,580,62.76,99.73,364,AAN82073.1,NIS family aerobactin synthetase IucC,,
INOH1079ci,,NODE_11_length_147193_cov_30.486804,130417,131835,+,espX1,type III secretion system effector EspX1,plus,VIRULENCE,VIRULENCE,,,INTERNAL_STOP,473,473,100.0,90.91,473,ADD54679.1,type III secretion system effector EspX1,,
INOH1079ci,,NODE_12_length_139234_cov_32.780293,4486,4905,-,merC,organomercurial transporter MerC,plus,STRESS,METAL,MERCURY,ORGANOMERCURY,EXACTX,140,140,100.0,100.0,140,AAC33908.1,organomercurial transporter MerC,,
INOH1079ci,,NODE_12_length_139234_cov_32.780293,4944,5216,-,merP,mercury resistance system periplasmic binding protein MerP,plus,STRESS,METAL,MERCURY,MERCURY,BLASTX,91,91,100.0,90.11,91,AAC38219.1,mercury resistance system periplasmic binding protein MerP,,
INOH1079ci,,NODE_12_length_139234_cov_32.780293,5233,5580,-,merT,mercuric transport protein MerT,plus,STRESS,METAL,MERCURY,MERCURY,EXACTX,116,116,100.0,100.0,116,AAB59075.1,mercuric transport protein MerT,,
INOH1079ci,,NODE_12_length_139234_cov_32.780293,5652,6083,+,merR,mercury resistance transcriptional regulator MerR,plus,STRESS,METAL,MERCURY,MERCURY,BLASTX,144,144,100.0,93.75,144,CAA77320.1,mercury resistance transcriptional regulator MerR,,
INOH1079ci,,NODE_12_length_139234_cov_32.780293,8119,9315,+,tet(A),tetracycline efflux MFS transporter Tet(A),core,AMR,AMR,TETRACYCLINE,TETRACYCLINE,EXACTX,399,399,100.0,100.0,399,WP_000804064.1,tetracycline efflux MFS transporter Tet(A),,
INOH1079ci,,NODE_12_length_139234_cov_32.780293,108446,109015,-,lpfA-O113,long polar fimbria major subunit LpfA-O113,plus,VIRULENCE,VIRULENCE,,,BLASTX,190,190,100.0,99.47,190,AAT76975.1,long polar fimbria major subunit LpfA-O113,,
INOH1079ci,,NODE_13_length_135437_cov_32.860889,20621,21709,+,pmrB_Y358N,Escherichia colistin resistant PmrB,core,AMR,POINT,COLISTIN,COLISTIN,POINTX,363,363,100.0,99.45,363,WP_001300761.1,two-component system sensor histidine kinase PmrB,,
INOH1079ci,,NODE_14_length_126509_cov_25.684946,1011,3635,+,gyrA_S83L,Escherichia quinolone resistant GyrA,core,AMR,POINT,QUINOLONE,QUINOLONE,POINTX,875,878,99.66,99.09,875,WP_001281243.1,DNA gyrase subunit A GyrA,,
INOH1079ci,,NODE_15_length_117191_cov_30.662342,75796,77025,+,mdtM,multidrug efflux MFS transporter MdtM,plus,AMR,AMR,EFFLUX,EFFLUX,BLASTX,410,410,100.0,97.8,410,AAC77293.1,multidrug efflux MFS transporter MdtM,,
INOH1079ci,,NODE_19_length_100537_cov_26.639011,10661,12016,-,glpT_E448K,Escherichia fosfomycin resistant GlpT,core,AMR,POINT,FOSFOMYCIN,FOSFOMYCIN,POINTX,452,452,100.0,99.34,452,WP_000948731.1,glycerol-3-phosphate transporter GlpT,,
INOH1079ci,,NODE_1_length_484097_cov_24.828448,114902,115165,-,ariR,biofilm/acid-resistance regulator AriR,plus,STRESS,ACID,,,EXACTX,88,88,100.0,100.0,88,AAC74250.1,biofilm/acid-resistance regulator AriR,,
INOH1079ci,,NODE_20_length_98528_cov_32.311270,92718,93848,+,blaEC,BlaEC family class C beta-lactamase,plus,AMR,AMR,BETA-LACTAM,BETA-LACTAM,BLASTX,377,377,100.0,98.94,377,WP_063610930.1,extended-spectrum class C beta-lactamase EC-15,,
INOH1079ci,,NODE_21_length_98027_cov_29.922994,41190,45437,-,fdeC,inverse autotransporter adhesin FdeC,plus,VIRULENCE,VIRULENCE,,,BLASTX,1416,1416,100.0,94.07,1416,ABE05822.1,inverse autotransporter adhesin FdeC,,
INOH1079ci,,NODE_23_length_95250_cov_30.779424,86756,89857,+,acrF,multidrug efflux RND transporter permease subunit AcrF,plus,AMR,AMR,EFFLUX,EFFLUX,BLASTX,1034,1034,100.0,99.61,1034,AAC76298.1,multidrug efflux RND transporter permease subunit AcrF,,
INOH1079ci,,NODE_2_length_316237_cov_32.052841,50271,50792,+,lpfA,long polar fimbria major subunit LpfA,plus,VIRULENCE,VIRULENCE,,,EXACTX,174,174,100.0,100.0,174,CAV00478.1,long polar fimbria major subunit LpfA,,
INOH1079ci,,NODE_33_length_42204_cov_24.742976,39148,39477,+,emrE,multidrug efflux SMR transporter EmrE,plus,STRESS,BIOCIDE,EFFLUX,EFFLUX,BLASTX,110,110,100.0,97.27,110,CAA77936.1,multidrug efflux SMR transporter EmrE,,
INOH1079ci,,NODE_38_length_34112_cov_28.922647,8074,8364,-,iss,increased serum survival lipoprotein Iss,plus,VIRULENCE,VIRULENCE,,,EXACTX,97,97,100.0,100.0,97,CAR12622.1,increased serum survival lipoprotein Iss,,
INOH1079ci,,NODE_39_length_33302_cov_13.008041,1,882,-,iucB,N(6)-hydroxylysine O-acetyltransferase IucB,plus,VIRULENCE,VIRULENCE,,,BLASTX,294,315,93.33,95.92,294,AAN82074.1,N(6)-hydroxylysine O-acetyltransferase IucB,,
INOH1079ci,,NODE_39_length_33302_cov_13.008041,886,2607,-,iucA,aerobactin synthase IucA,plus,VIRULENCE,VIRULENCE,,,BLASTX,574,576,100.0,95.31,576,EGI25746.1,aerobactin synthase IucA,,
INOH1079ci,,NODE_41_length_29466_cov_13.517860,8523,9758,-,aatA,dispersin export ABC transporter outer membrane protein AatA,plus,VIRULENCE,VIRULENCE,,,BLASTX,412,412,100.0,99.76,412,BAF33901.1,dispersin export ABC transporter outer membrane protein AatA,,
INOH1079ci,,NODE_41_length_29466_cov_13.517860,14315,14833,-,agg4A,aggregative adherence fimbria 4 major subunit Agg4A/HdaA,plus,VIRULENCE,VIRULENCE,,,BLASTX,173,170,100.0,84.97,173,BAF33891.1,aggregative adherence fimbria 4 major subunit Agg4A/HdaA,,
INOH1079ci,,NODE_41_length_29466_cov_13.517860,17932,18687,-,agg4D,aggregative adherence fimbria 4 chaperone Agg4D/HdaD,plus,VIRULENCE,VIRULENCE,,,BLASTX,252,252,100.0,99.21,252,BAF33888.1,aggregative adherence fimbria 4 chaperone Agg4D/HdaD,,
INOH1079ci,,NODE_41_length_29466_cov_13.517860,25130,25477,-,aap,dispersin Aap,plus,VIRULENCE,VIRULENCE,,,EXACTX,116,116,100.0,100.0,116,BAF34018.1,dispersin Aap,,
INOH1079ci,,NODE_43_length_25777_cov_31.712439,745,2025,+,iucD,NADPH-dependent L-lysine N(6)-monooxygenase IucD,plus,VIRULENCE,VIRULENCE,,,BLASTX,427,445,95.96,99.53,427,AAD44749.1,NADPH-dependent L-lysine N(6)-monooxygenase IucD,,
INOH1079ci,,NODE_43_length_25777_cov_31.712439,2072,4264,+,iutA,ferric aerobactin receptor IutA,plus,VIRULENCE,VIRULENCE,,,BLASTX,731,731,100.0,99.59,731,AAN45165.2,ferric aerobactin receptor IutA,,
INOH1079ci,,NODE_43_length_25777_cov_31.712439,7714,9801,+,iha,bifunctional siderophore receptor/adhesin Iha,plus,VIRULENCE,VIRULENCE,,,EXACTX,696,696,100.0,100.0,696,AFS75030.1,bifunctional siderophore receptor/adhesin Iha,,
INOH1079ci,,NODE_43_length_25777_cov_31.712439,16067,19921,-,sigA,serine protease autotransporter toxin SigA,plus,VIRULENCE,VIRULENCE,,,BLASTX,1285,1285,100.0,99.84,1285,AAN44449.1,serine protease autotransporter toxin SigA,,
INOH1079ci,,NODE_53_length_9864_cov_13.355453,1920,2714,+,aggR,aggregative adherence transcriptional regulator AggR,plus,VIRULENCE,VIRULENCE,,,EXACTX,265,265,100.0,100.0,265,BAF33878.1,aggregative adherence transcriptional regulator AggR,,
INOH1079ci,,NODE_53_length_9864_cov_13.355453,5295,6380,+,capU,putative hexosyltransferase CapU,plus,VIRULENCE,VIRULENCE,,,EXACTX,362,362,100.0,100.0,362,CAV02025.1,putative hexosyltransferase CapU,,
INOH1079ci,,NODE_60_length_5545_cov_18.091994,1706,3892,-,iutA,ferric aerobactin receptor IutA,plus,VIRULENCE,VIRULENCE,,,BLASTX,729,731,99.73,89.71,729,AAN45165.2,ferric aerobactin receptor IutA,,
INOH1079ci,,NODE_60_length_5545_cov_18.091994,3989,5263,-,iucD,NADPH-dependent L-lysine N(6)-monooxygenase IucD,plus,VIRULENCE,VIRULENCE,,,BLASTX,425,445,95.51,97.41,425,AAD44749.1,NADPH-dependent L-lysine N(6)-monooxygenase IucD,,
INOH1079ci,,NODE_62_length_4584_cov_95.171683,1962,2774,+,sul2,sulfonamide-resistant dihydropteroate synthase Sul2,core,AMR,AMR,SULFONAMIDE,SULFONAMIDE,EXACTX,271,271,100.0,100.0,271,WP_001043265.1,sulfonamide-resistant dihydropteroate synthase Sul2,,
INOH1079ci,,NODE_62_length_4584_cov_95.171683,2838,3638,+,aph(3'')-Ib,aminoglycoside O-phosphotransferase APH(3'')-Ib,core,AMR,AMR,AMINOGLYCOSIDE,STREPTOMYCIN,EXACTX,267,267,100.0,100.0,267,WP_001082319.1,aminoglycoside O-phosphotransferase APH(3'')-Ib,,
INOH1079ci,,NODE_62_length_4584_cov_95.171683,3641,4474,+,aph(6)-Id,aminoglycoside O-phosphotransferase APH(6)-Id,core,AMR,AMR,AMINOGLYCOSIDE,STREPTOMYCIN,EXACTX,278,278,100.0,100.0,278,WP_000480968.1,aminoglycoside O-phosphotransferase APH(6)-Id,,
INOH1079ci,,NODE_63_length_4155_cov_102.224112,2253,2723,+,dfrA7,trimethoprim-resistant dihydrofolate reductase DfrA7,core,AMR,AMR,TRIMETHOPRIM,TRIMETHOPRIM,EXACTX,157,157,100.0,100.0,157,WP_000703418.1,trimethoprim-resistant dihydrofolate reductase DfrA7,,
INOH1079ci,,NODE_63_length_4155_cov_102.224112,2956,3300,+,qacEdelta1,quaternary ammonium compound efflux SMR transporter QacE delta 1,core,STRESS,BIOCIDE,QUATERNARY AMMONIUM,QUATERNARY AMMONIUM,ALLELEX,115,115,100.0,100.0,115,WP_000679427.1,quaternary ammonium compound efflux SMR transporter QacE delta 1,,
INOH1079ci,,NODE_63_length_4155_cov_102.224112,3297,4067,+,sul1,sulfonamide-resistant dihydropteroate synthase Sul1,core,AMR,AMR,SULFONAMIDE,SULFONAMIDE,BLASTX,257,275,93.45,98.83,257,WP_063855066.1,sulfonamide-resistant dihydropteroate synthase Sul1,,
INOH1079ci,,NODE_69_length_2907_cov_30.420228,775,2022,+,iucA,aerobactin synthase IucA,plus,VIRULENCE,VIRULENCE,,,PARTIALX,416,576,72.22,99.04,416,EGI25746.1,aerobactin synthase IucA,,
INOH1079ci,,NODE_69_length_2907_cov_30.420228,2026,2907,+,iucB,N(6)-hydroxylysine O-acetyltransferase IucB,plus,VIRULENCE,VIRULENCE,,,BLASTX,294,315,93.33,99.32,294,AAN82074.1,N(6)-hydroxylysine O-acetyltransferase IucB,,
INOH1079ci,,NODE_75_length_1823_cov_103.237253,534,1391,-,blaTEM-1,broad-spectrum class A beta-lactamase TEM-1,core,AMR,AMR,BETA-LACTAM,BETA-LACTAM,ALLELEX,286,286,100.0,100.0,286,WP_000027057.1,broad-spectrum class A beta-lactamase TEM-1,,
INOH1079ci,,NODE_81_length_1258_cov_30.533218,165,1256,+,iucC,NIS family aerobactin synthetase IucC,plus,VIRULENCE,VIRULENCE,,,PARTIAL_CONTIG_ENDX,364,580,62.76,99.73,364,AAN82073.1,NIS family aerobactin synthetase IucC,,
INOH1079di,,NODE_12_length_160058_cov_30.779375,55871,58126,+,parC_S57T,Escherichia quinolone resistant ParC,core,AMR,POINT,QUINOLONE,QUINOLONE,POINTX,752,752,100.0,99.2,752,WP_001281881.1,DNA topoisomerase IV subunit A ParC,,
INOH1079di,,NODE_14_length_150424_cov_23.444244,116288,116551,-,ariR,biofilm/acid-resistance regulator AriR,plus,STRESS,ACID,,,BLASTX,88,88,100.0,98.86,88,AAC74250.1,biofilm/acid-resistance regulator AriR,,
INOH1079di,,NODE_15_length_138095_cov_32.370801,30008,30577,+,lpfA-O113,long polar fimbria major subunit LpfA-O113,plus,VIRULENCE,VIRULENCE,,,EXACTX,190,190,100.0,100.0,190,ACB16424.1,long polar fimbria major subunit LpfA-O113,,
INOH1079di,,NODE_15_length_138095_cov_32.370801,92561,93748,-,emrD,multidrug efflux MFS transporter EmrD,plus,AMR,AMR,EFFLUX,EFFLUX,BLASTX,396,396,100.0,99.75,396,EFF04178.1,multidrug efflux MFS transporter EmrD,,
INOH1079di,,NODE_15_length_138095_cov_32.370801,103886,105274,+,uhpT_E350Q,Escherichia fosfomycin resistant UhpT,core,AMR,POINT,FOSFOMYCIN,FOSFOMYCIN,POINTX,463,463,100.0,99.78,463,WP_000879194.1,hexose phosphate transporter UhpT,,
INOH1079di,,NODE_15_length_138095_cov_32.370801,121642,123336,-,eilA,HilA family transcriptional regulator EilA,plus,VIRULENCE,VIRULENCE,,,BLASTX,565,565,100.0,99.65,565,ACB16655.1,HilA family transcriptional regulator EilA,,
INOH1079di,,NODE_20_length_94962_cov_32.406017,48174,50717,-,cyaA_S352T,Escherichia fosmidomycin resistant CyaA,core,AMR,POINT,FOSMIDOMYCIN,FOSMIDOMYCIN,POINTX,848,848,100.0,99.17,848,WP_000281668.1,adenylate cyclase CyaA,,
INOH1079di,,NODE_25_length_48994_cov_28.166295,758,1270,-,aggA,aggregative adherence fimbria I major subunit AggA,plus,VIRULENCE,VIRULENCE,,,BLASTX,171,171,100.0,97.66,171,AAR02190.1,aggregative adherence fimbria I major subunit AggA,,
INOH1079di,,NODE_25_length_48994_cov_28.166295,1374,1808,-,aggB,aggregative adherence fimbria I minor subunit AggB,plus,VIRULENCE,VIRULENCE,,,BLASTX,145,145,100.0,98.62,145,EHF16297.1,aggregative adherence fimbria I minor subunit AggB,,
INOH1079di,,NODE_25_length_48994_cov_28.166295,1825,4350,-,aggC,aggregative adherence fimbria I usher protein AggC,plus,VIRULENCE,VIRULENCE,,,BLASTX,842,842,100.0,99.76,842,AAA57452.1,aggregative adherence fimbria I usher protein AggC,,
INOH1079di,,NODE_25_length_48994_cov_28.166295,4367,5122,-,aggD,aggregative adherence fimbria I chaperone AggD,plus,VIRULENCE,VIRULENCE,,,BLASTX,252,252,100.0,99.21,252,AAA57451.1,aggregative adherence fimbria I chaperone AggD,,
INOH1079di,,NODE_27_length_40469_cov_31.534209,376,1605,+,mdtM,multidrug efflux MFS transporter MdtM,plus,AMR,AMR,EFFLUX,EFFLUX,BLASTX,410,410,100.0,97.32,410,AAC77293.1,multidrug efflux MFS transporter MdtM,,
INOH1079di,,NODE_2_length_410630_cov_26.021326,206208,207563,+,glpT_E448K,Escherichia fosfomycin resistant GlpT,core,AMR,POINT,FOSFOMYCIN,FOSFOMYCIN,POINTX,452,452,100.0,99.12,452,WP_000948731.1,glycerol-3-phosphate transporter GlpT,,
INOH1079di,,NODE_2_length_410630_cov_26.021326,222732,225356,+,gyrA_S83L,Escherichia quinolone resistant GyrA,core,AMR,POINT,QUINOLONE,QUINOLONE,POINTX,875,878,99.66,99.09,875,WP_001281243.1,DNA gyrase subunit A GyrA,,
INOH1079di,,NODE_31_length_24395_cov_24.839727,14414,16135,+,iucA,aerobactin synthase IucA,plus,VIRULENCE,VIRULENCE,,,BLASTX,574,576,100.0,98.61,576,EGI25746.1,aerobactin synthase IucA,,
INOH1079di,,NODE_31_length_24395_cov_24.839727,16139,17083,+,iucB,N(6)-hydroxylysine O-acetyltransferase IucB,plus,VIRULENCE,VIRULENCE,,,EXACTX,315,315,100.0,100.0,315,AAN82074.1,N(6)-hydroxylysine O-acetyltransferase IucB,,
INOH1079di,,NODE_31_length_24395_cov_24.839727,17086,18825,+,iucC,NIS family aerobactin synthetase IucC,plus,VIRULENCE,VIRULENCE,,,EXACTX,580,580,100.0,100.0,580,AAN82073.1,NIS family aerobactin synthetase IucC,,
INOH1079di,,NODE_31_length_24395_cov_24.839727,18825,20159,+,iucD,NADPH-dependent L-lysine N(6)-monooxygenase IucD,plus,VIRULENCE,VIRULENCE,,,BLASTX,445,445,100.0,98.88,445,AAD44749.1,NADPH-dependent L-lysine N(6)-monooxygenase IucD,,
INOH1079di,,NODE_31_length_24395_cov_24.839727,20168,22360,+,iutA,ferric aerobactin receptor IutA,plus,VIRULENCE,VIRULENCE,,,BLASTX,731,731,100.0,99.18,731,AAN45165.2,ferric aerobactin receptor IutA,,
INOH1079di,,NODE_33_length_19176_cov_31.672171,7086,8171,-,capU,putative hexosyltransferase CapU,plus,VIRULENCE,VIRULENCE,,,BLASTX,362,362,100.0,99.45,362,CAV02025.1,putative hexosyltransferase CapU,,
INOH1079di,,NODE_34_length_18159_cov_30.496512,2716,3951,-,aatA,dispersin export ABC transporter outer membrane protein AatA,plus,VIRULENCE,VIRULENCE,,,BLASTX,412,412,100.0,99.76,412,CAU95796.1,dispersin export ABC transporter outer membrane protein AatA,,
INOH1079di,,NODE_34_length_18159_cov_30.496512,9364,9561,-,aar,AggR-activated transcriptional regulator Aar,plus,VIRULENCE,VIRULENCE,,,BLASTX,66,66,100.0,98.48,66,ASK37426.1,AggR-activated transcriptional regulator Aar,,
INOH1079di,,NODE_34_length_18159_cov_30.496512,10292,10639,+,aap,dispersin Aap,plus,VIRULENCE,VIRULENCE,,,BLASTX,116,116,100.0,96.55,116,CBG27807.1,dispersin Aap,,
INOH1079di,,NODE_34_length_18159_cov_30.496512,11483,12277,+,aggR,aggregative adherence transcriptional regulator AggR,plus,VIRULENCE,VIRULENCE,,,EXACTX,265,265,100.0,100.0,265,CAA83535.1,aggregative adherence transcriptional regulator AggR,,
INOH1079di,,NODE_39_length_10083_cov_33.776242,4450,4869,-,merC,organomercurial transporter MerC,plus,STRESS,METAL,MERCURY,ORGANOMERCURY,EXACTX,140,140,100.0,100.0,140,AAC33908.1,organomercurial transporter MerC,,
INOH1079di,,NODE_39_length_10083_cov_33.776242,4908,5180,-,merP,mercury resistance system periplasmic binding protein MerP,plus,STRESS,METAL,MERCURY,MERCURY,BLASTX,91,91,100.0,90.11,91,AAC38219.1,mercury resistance system periplasmic binding protein MerP,,
INOH1079di,,NODE_39_length_10083_cov_33.776242,5197,5544,-,merT,mercuric transport protein MerT,plus,STRESS,METAL,MERCURY,MERCURY,EXACTX,116,116,100.0,100.0,116,AAB59075.1,mercuric transport protein MerT,,
INOH1079di,,NODE_39_length_10083_cov_33.776242,5616,6047,+,merR,mercury resistance transcriptional regulator MerR,plus,STRESS,METAL,MERCURY,MERCURY,BLASTX,144,144,100.0,93.75,144,CAA77320.1,mercury resistance transcriptional regulator MerR,,
INOH1079di,,NODE_39_length_10083_cov_33.776242,8083,9279,+,tet(A),tetracycline efflux MFS transporter Tet(A),core,AMR,AMR,TETRACYCLINE,TETRACYCLINE,EXACTX,399,399,100.0,100.0,399,WP_000804064.1,tetracycline efflux MFS transporter Tet(A),,
INOH1079di,,NODE_43_length_4582_cov_31.768905,1962,2774,+,sul2,sulfonamide-resistant dihydropteroate synthase Sul2,core,AMR,AMR,SULFONAMIDE,SULFONAMIDE,EXACTX,271,271,100.0,100.0,271,WP_001043265.1,sulfonamide-resistant dihydropteroate synthase Sul2,,
INOH1079di,,NODE_43_length_4582_cov_31.768905,2838,3638,+,aph(3'')-Ib,aminoglycoside O-phosphotransferase APH(3'')-Ib,core,AMR,AMR,AMINOGLYCOSIDE,STREPTOMYCIN,EXACTX,267,267,100.0,100.0,267,WP_001082319.1,aminoglycoside O-phosphotransferase APH(3'')-Ib,,
INOH1079di,,NODE_43_length_4582_cov_31.768905,3641,4474,+,aph(6)-Id,aminoglycoside O-phosphotransferase APH(6)-Id,core,AMR,AMR,AMINOGLYCOSIDE,STREPTOMYCIN,EXACTX,278,278,100.0,100.0,278,WP_000480968.1,aminoglycoside O-phosphotransferase APH(6)-Id,,
INOH1079di,,NODE_46_length_3658_cov_33.448441,89,859,-,sul1,sulfonamide-resistant dihydropteroate synthase Sul1,core,AMR,AMR,SULFONAMIDE,SULFONAMIDE,BLASTX,257,275,93.45,98.83,257,WP_063855066.1,sulfonamide-resistant dihydropteroate synthase Sul1,,
INOH1079di,,NODE_46_length_3658_cov_33.448441,856,1200,-,qacEdelta1,quaternary ammonium compound efflux SMR transporter QacE delta 1,core,STRESS,BIOCIDE,QUATERNARY AMMONIUM,QUATERNARY AMMONIUM,ALLELEX,115,115,100.0,100.0,115,WP_000679427.1,quaternary ammonium compound efflux SMR transporter QacE delta 1,,
INOH1079di,,NODE_46_length_3658_cov_33.448441,1433,1903,-,dfrA7,trimethoprim-resistant dihydrofolate reductase DfrA7,core,AMR,AMR,TRIMETHOPRIM,TRIMETHOPRIM,EXACTX,157,157,100.0,100.0,157,WP_000703418.1,trimethoprim-resistant dihydrofolate reductase DfrA7,,
INOH1079di,,NODE_4_length_382898_cov_28.274719,297613,301860,-,fdeC,inverse autotransporter adhesin FdeC,plus,VIRULENCE,VIRULENCE,,,BLASTX,1416,1416,100.0,94.84,1416,ABE05822.1,inverse autotransporter adhesin FdeC,,
INOH1079di,,NODE_51_length_1823_cov_32.793444,534,1391,-,blaTEM-1,broad-spectrum class A beta-lactamase TEM-1,core,AMR,AMR,BETA-LACTAM,BETA-LACTAM,ALLELEX,286,286,100.0,100.0,286,WP_000027057.1,broad-spectrum class A beta-lactamase TEM-1,,
INOH1079di,,NODE_5_length_340777_cov_32.006604,133043,134173,+,blaEC,BlaEC family class C beta-lactamase,plus,AMR,AMR,BETA-LACTAM,BETA-LACTAM,BLASTX,377,377,100.0,97.88,377,AAZ85968.1,cephalosporin-hydrolyzing class C beta-lactamase EC-8,,
INOH1079di,,NODE_7_length_284257_cov_29.643322,202033,203451,+,espX1,type III secretion system effector EspX1,plus,VIRULENCE,VIRULENCE,,,BLASTX,473,473,100.0,92.6,473,ADD54679.1,type III secretion system effector EspX1,,
INOH1079di,,NODE_9_length_198951_cov_30.322979,6640,8319,-,acrF,multidrug efflux RND transporter permease subunit AcrF,plus,AMR,AMR,EFFLUX,EFFLUX,PARTIALX,560,1034,54.16,99.64,560,AAC76298.1,multidrug efflux RND transporter permease subunit AcrF,,
INOH1113di,,NODE_10_length_134140_cov_32.266515,116109,117239,+,blaEC,BlaEC family class C beta-lactamase,plus,AMR,AMR,BETA-LACTAM,BETA-LACTAM,BLASTX,377,377,100.0,97.88,377,WP_063610930.1,extended-spectrum class C beta-lactamase EC-15,,
INOH1113di,,NODE_18_length_94020_cov_25.134032,14107,14370,-,ariR,biofilm/acid-resistance regulator AriR,plus,STRESS,ACID,,,EXACTX,88,88,100.0,100.0,88,AAC74250.1,biofilm/acid-resistance regulator AriR,,
INOH1113di,,NODE_26_length_49013_cov_33.639204,42802,43890,-,pmrB_Y358N,Escherichia colistin resistant PmrB,core,AMR,POINT,COLISTIN,COLISTIN,POINTX,363,363,100.0,98.9,363,WP_001300761.1,two-component system sensor histidine kinase PmrB,,
INOH1113di,,NODE_36_length_36322_cov_31.338072,27829,30930,+,acrF,multidrug efflux RND transporter permease subunit AcrF,plus,AMR,AMR,EFFLUX,EFFLUX,BLASTX,1034,1034,100.0,99.9,1034,AAC76298.1,multidrug efflux RND transporter permease subunit AcrF,,
INOH1113di,,NODE_46_length_22041_cov_13.701759,4586,5080,-,psi-GI,heat resistance protein PsiE-GI,plus,STRESS,HEAT,,,BLASTX,165,165,100.0,96.36,165,APX31178.1,heat resistance protein PsiE-GI,,
INOH1113di,,NODE_46_length_22041_cov_13.701759,5080,6792,-,kefB-GI,heat resistance system K+/H+ antiporter KefB-GI,plus,STRESS,HEAT,,,BLASTX,571,571,100.0,99.47,571,APX31177.1,heat resistance system K+/H+ antiporter KefB-GI,,
INOH1113di,,NODE_46_length_22041_cov_13.701759,6799,7236,-,trxLHR,heat resistance system thioredoxin Trx-GI,plus,STRESS,HEAT,,,BLASTX,146,146,100.0,99.32,146,APX31176.1,heat resistance system thioredoxin Trx-GI,,
INOH1113di,,NODE_46_length_22041_cov_13.701759,8454,9062,-,hdeD-GI,heat resistance membrane protein HdeD-GI,plus,STRESS,HEAT,,,BLASTX,203,203,100.0,97.54,203,APX31174.1,heat resistance membrane protein HdeD-GI,,
INOH1113di,,NODE_46_length_22041_cov_13.701759,9155,10039,-,yfdX2,heat resistance protein YfdX2,plus,STRESS,HEAT,,,BLASTX,295,295,100.0,98.98,295,ASF80766.1,heat resistance protein YfdX2,,
INOH1113di,,NODE_46_length_22041_cov_13.701759,10145,11056,-,yfdX1,heat resistance protein YfdX1,plus,STRESS,HEAT,,,EXACTX,304,304,100.0,100.0,304,APX31172.1,heat resistance protein YfdX1,,
INOH1113di,,NODE_46_length_22041_cov_13.701759,11082,11537,-,shsP,small heat shock protein sHSP20-GI,plus,STRESS,HEAT,,,BLASTX,152,152,100.0,99.34,152,ASF80771.1,small heat shock protein sHSP20-GI,,
INOH1113di,,NODE_46_length_22041_cov_13.701759,12705,15551,-,clpK,heat shock survival AAA family ATPase ClpK,plus,STRESS,HEAT,,,EXACTX,949,949,100.0,100.0,949,ASF80763.1,heat shock survival AAA family ATPase ClpK,,
INOH1113di,,NODE_46_length_22041_cov_13.701759,15661,16227,-,hsp20,small heat shock protein sHSP20,plus,STRESS,HEAT,,,BLASTX,189,189,100.0,98.41,189,CDY80020.1,small heat shock protein sHSP20,,
INOH1113di,,NODE_49_length_21184_cov_33.186768,8068,8181,-,astA,heat-stable enterotoxin EAST1,plus,VIRULENCE,VIRULENCE,,,EXACTX,38,38,100.0,100.0,38,AAD43578.1,heat-stable enterotoxin EAST1,,
INOH1113di,,NODE_58_length_13594_cov_32.950871,370,1599,+,mdtM,multidrug efflux MFS transporter MdtM,plus,AMR,AMR,EFFLUX,EFFLUX,BLASTX,410,410,100.0,96.59,410,AAC77293.1,multidrug efflux MFS transporter MdtM,,
INOH1113di,,NODE_6_length_202137_cov_31.060132,5588,7006,-,espX1,type III secretion system effector EspX1,plus,VIRULENCE,VIRULENCE,,,BLASTX,473,473,100.0,90.7,473,ADD54679.1,type III secretion system effector EspX1,,
INOH1113di,,NODE_76_length_6928_cov_19.216283,383,760,+,pcoC,copper resistance system metallochaperone PcoC,plus,STRESS,METAL,COPPER,COPPER,EXACTX,126,126,100.0,100.0,126,CAA58527.1,copper resistance system metallochaperone PcoC,,
INOH1113di,,NODE_76_length_6928_cov_19.216283,768,1694,+,pcoD,copper resistance inner membrane protein PcoD,plus,STRESS,METAL,COPPER,COPPER,EXACTX,309,309,100.0,100.0,309,CAA58528.1,copper resistance inner membrane protein PcoD,,
INOH1113di,,NODE_76_length_6928_cov_19.216283,1752,2429,+,pcoR,copper response regulator transcription factor PcoR,plus,STRESS,METAL,COPPER,COPPER,EXACTX,226,226,100.0,100.0,226,CAA58529.1,copper response regulator transcription factor PcoR,,
INOH1113di,,NODE_8_length_177859_cov_27.202740,85579,85869,-,iss,increased serum survival lipoprotein Iss,plus,VIRULENCE,VIRULENCE,,,EXACTX,97,97,100.0,100.0,97,BAG76115.1,increased serum survival lipoprotein Iss,,
INOH1134di,,NODE_10_length_118730_cov_27.289098,23821,25176,-,glpT_E448K,Escherichia fosfomycin resistant GlpT,core,AMR,POINT,FOSFOMYCIN,FOSFOMYCIN,POINTX,452,452,100.0,99.78,452,WP_000948731.1,glycerol-3-phosphate transporter GlpT,,
INOH1134di,,NODE_22_length_80588_cov_32.373057,73954,74787,-,aph(6)-Id,aminoglycoside O-phosphotransferase APH(6)-Id,core,AMR,AMR,AMINOGLYCOSIDE,STREPTOMYCIN,EXACTX,278,278,100.0,100.0,278,WP_000480968.1,aminoglycoside O-phosphotransferase APH(6)-Id,,
INOH1134di,,NODE_22_length_80588_cov_32.373057,74790,75590,-,aph(3'')-Ib,aminoglycoside O-phosphotransferase APH(3'')-Ib,core,AMR,AMR,AMINOGLYCOSIDE,STREPTOMYCIN,EXACTX,267,267,100.0,100.0,267,WP_001082319.1,aminoglycoside O-phosphotransferase APH(3'')-Ib,,
INOH1134di,,NODE_25_length_76700_cov_32.931685,56128,57258,+,blaEC,BlaEC family class C beta-lactamase,plus,AMR,AMR,BETA-LACTAM,BETA-LACTAM,EXACTX,377,377,100.0,100.0,377,ABS58643.1,BlaEC family class C beta-lactamase,,
INOH1134di,,NODE_29_length_59019_cov_24.817787,10649,10912,-,ariR,biofilm/acid-resistance regulator AriR,plus,STRESS,ACID,,,EXACTX,88,88,100.0,100.0,88,AAC74250.1,biofilm/acid-resistance regulator AriR,,
INOH1134di,,NODE_51_length_32843_cov_32.412167,175,1383,+,mdtM,multidrug efflux MFS transporter MdtM,plus,AMR,AMR,EFFLUX,EFFLUX,BLASTX,403,410,98.29,98.01,403,AAC77293.1,multidrug efflux MFS transporter MdtM,,
INOH1134di,,NODE_6_length_134453_cov_32.093417,125518,128619,+,acrF,multidrug efflux RND transporter permease subunit AcrF,plus,AMR,AMR,EFFLUX,EFFLUX,BLASTX,1034,1034,100.0,99.9,1034,AAC76298.1,multidrug efflux RND transporter permease subunit AcrF,,
INOH1134di,,NODE_90_length_3899_cov_33.037368,1153,2349,+,tet(A),tetracycline efflux MFS transporter Tet(A),core,AMR,AMR,TETRACYCLINE,TETRACYCLINE,EXACTX,399,399,100.0,100.0,399,WP_000804064.1,tetracycline efflux MFS transporter Tet(A),,
INOH1139ai,,NODE_15_length_101120_cov_23.580236,896,1159,+,ariR,biofilm/acid-resistance regulator AriR,plus,STRESS,ACID,,,BLASTX,88,88,100.0,98.86,88,AAC74250.1,biofilm/acid-resistance regulator AriR,,
INOH1139ai,,NODE_18_length_95047_cov_35.257688,1828,5682,+,sigA,serine protease autotransporter toxin SigA,plus,VIRULENCE,VIRULENCE,,,BLASTX,1285,1285,100.0,99.84,1285,AAN44449.1,serine protease autotransporter toxin SigA,,
INOH1139ai,,NODE_18_length_95047_cov_35.257688,11948,14035,-,iha,bifunctional siderophore receptor/adhesin Iha,plus,VIRULENCE,VIRULENCE,,,EXACTX,696,696,100.0,100.0,696,AAG55323.1,bifunctional siderophore receptor/adhesin Iha,,
INOH1139ai,,NODE_18_length_95047_cov_35.257688,17461,19653,-,iutA,ferric aerobactin receptor IutA,plus,VIRULENCE,VIRULENCE,,,BLASTX,731,731,100.0,99.59,731,AAN45165.2,ferric aerobactin receptor IutA,,
INOH1139ai,,NODE_18_length_95047_cov_35.257688,19662,20996,-,iucD,NADPH-dependent L-lysine N(6)-monooxygenase IucD,plus,VIRULENCE,VIRULENCE,,,BLASTX,445,445,100.0,99.78,445,AAD44749.1,NADPH-dependent L-lysine N(6)-monooxygenase IucD,,
INOH1139ai,,NODE_18_length_95047_cov_35.257688,20996,22735,-,iucC,NIS family aerobactin synthetase IucC,plus,VIRULENCE,VIRULENCE,,,BLASTX,580,580,100.0,99.31,580,AAN82073.1,NIS family aerobactin synthetase IucC,,
INOH1139ai,,NODE_18_length_95047_cov_35.257688,22738,23682,-,iucB,N(6)-hydroxylysine O-acetyltransferase IucB,plus,VIRULENCE,VIRULENCE,,,BLASTX,315,315,100.0,99.37,315,AAN82074.1,N(6)-hydroxylysine O-acetyltransferase IucB,,
INOH1139ai,,NODE_18_length_95047_cov_35.257688,23686,25407,-,iucA,aerobactin synthase IucA,plus,VIRULENCE,VIRULENCE,,,BLASTX,574,576,100.0,98.26,576,EGI25746.1,aerobactin synthase IucA,,
INOH1139ai,,NODE_19_length_93038_cov_30.688850,7974,9059,-,capU,putative hexosyltransferase CapU,plus,VIRULENCE,VIRULENCE,,,BLASTX,362,362,100.0,99.72,362,AEQ15694.1,putative hexosyltransferase CapU,,
INOH1139ai,,NODE_19_length_93038_cov_30.688850,91657,92865,-,mdtM,multidrug efflux MFS transporter MdtM,plus,AMR,AMR,EFFLUX,EFFLUX,BLASTX,403,410,98.29,97.27,403,AAC77293.1,multidrug efflux MFS transporter MdtM,,
INOH1139ai,,NODE_1_length_227806_cov_31.289521,119003,120133,-,blaEC,BlaEC family class C beta-lactamase,plus,AMR,AMR,BETA-LACTAM,BETA-LACTAM,EXACTX,377,377,100.0,100.0,377,AAC77110.1,BlaEC family class C beta-lactamase,,
INOH1139ai,,NODE_46_length_33992_cov_15.047768,16106,17302,-,tet(A),tetracycline efflux MFS transporter Tet(A),core,AMR,AMR,TETRACYCLINE,TETRACYCLINE,EXACTX,399,399,100.0,100.0,399,WP_000804064.1,tetracycline efflux MFS transporter Tet(A),,
INOH1139ai,,NODE_48_length_31518_cov_29.044559,236,4483,-,fdeC,inverse autotransporter adhesin FdeC,plus,VIRULENCE,VIRULENCE,,,BLASTX,1416,1416,100.0,94.07,1416,ABE05822.1,inverse autotransporter adhesin FdeC,,
INOH1139ai,,NODE_6_length_170651_cov_25.481636,45316,47940,+,gyrA_S83L,Escherichia quinolone resistant GyrA,core,AMR,POINT,QUINOLONE,QUINOLONE,POINTX,875,878,99.66,99.09,875,WP_001281243.1,DNA gyrase subunit A GyrA,,
INOH1139ai,,NODE_71_length_10640_cov_14.648705,1840,3885,+,ireA,TonB-dependent siderophore receptor IreA,plus,VIRULENCE,VIRULENCE,,,BLASTX,682,682,100.0,99.56,682,AAN83596.1,TonB-dependent siderophore receptor IreA,,
INOH1139ai,,NODE_75_length_9770_cov_30.873643,5393,8494,-,acrF,multidrug efflux RND transporter permease subunit AcrF,plus,AMR,AMR,EFFLUX,EFFLUX,EXACTX,1034,1034,100.0,100.0,1034,AAC76298.1,multidrug efflux RND transporter permease subunit AcrF,,
INOH1139ai,,NODE_80_length_6878_cov_36.630919,3692,4525,-,aph(6)-Id,aminoglycoside O-phosphotransferase APH(6)-Id,core,AMR,AMR,AMINOGLYCOSIDE,STREPTOMYCIN,EXACTX,278,278,100.0,100.0,278,WP_000480968.1,aminoglycoside O-phosphotransferase APH(6)-Id,,
INOH1139ai,,NODE_80_length_6878_cov_36.630919,4878,5348,-,dfrA14,trimethoprim-resistant dihydrofolate reductase DfrA14,core,AMR,AMR,TRIMETHOPRIM,TRIMETHOPRIM,EXACTX,157,157,100.0,100.0,157,WP_021529707.1,trimethoprim-resistant dihydrofolate reductase DfrA14,,
INOH1139ai,,NODE_80_length_6878_cov_36.630919,5369,5896,-,aph(3'')-Ib,aminoglycoside O-phosphotransferase APH(3'')-Ib,core,AMR,AMR,AMINOGLYCOSIDE,STREPTOMYCIN,PARTIALX,176,267,65.92,100.0,176,WP_001082319.1,aminoglycoside O-phosphotransferase APH(3'')-Ib,,
INOH1139ai,,NODE_80_length_6878_cov_36.630919,5960,6772,-,sul2,sulfonamide-resistant dihydropteroate synthase Sul2,core,AMR,AMR,SULFONAMIDE,SULFONAMIDE,EXACTX,271,271,100.0,100.0,271,WP_001043260.1,sulfonamide-resistant dihydropteroate synthase Sul2,,
INOH1187bi,,NODE_12_length_147193_cov_30.346547,130417,131835,+,espX1,type III secretion system effector EspX1,plus,VIRULENCE,VIRULENCE,,,INTERNAL_STOP,473,473,100.0,90.91,473,ADD54679.1,type III secretion system effector EspX1,,
INOH1187bi,,NODE_13_length_139016_cov_32.713311,4486,4905,-,merC,organomercurial transporter MerC,plus,STRESS,METAL,MERCURY,ORGANOMERCURY,EXACTX,140,140,100.0,100.0,140,AAC33908.1,organomercurial transporter MerC,,
INOH1187bi,,NODE_13_length_139016_cov_32.713311,4944,5216,-,merP,mercury resistance system periplasmic binding protein MerP,plus,STRESS,METAL,MERCURY,MERCURY,BLASTX,91,91,100.0,90.11,91,AAC38219.1,mercury resistance system periplasmic binding protein MerP,,
INOH1187bi,,NODE_13_length_139016_cov_32.713311,5233,5580,-,merT,mercuric transport protein MerT,plus,STRESS,METAL,MERCURY,MERCURY,EXACTX,116,116,100.0,100.0,116,AAB59075.1,mercuric transport protein MerT,,
INOH1187bi,,NODE_13_length_139016_cov_32.713311,5652,6083,+,merR,mercury resistance transcriptional regulator MerR,plus,STRESS,METAL,MERCURY,MERCURY,BLASTX,144,144,100.0,93.75,144,CAA77320.1,mercury resistance transcriptional regulator MerR,,
INOH1187bi,,NODE_13_length_139016_cov_32.713311,8119,9315,+,tet(A),tetracycline efflux MFS transporter Tet(A),core,AMR,AMR,TETRACYCLINE,TETRACYCLINE,EXACTX,399,399,100.0,100.0,399,WP_000804064.1,tetracycline efflux MFS transporter Tet(A),,
INOH1187bi,,NODE_13_length_139016_cov_32.713311,108446,109015,-,lpfA-O113,long polar fimbria major subunit LpfA-O113,plus,VIRULENCE,VIRULENCE,,,BLASTX,190,190,100.0,99.47,190,AAT76975.1,long polar fimbria major subunit LpfA-O113,,
INOH1187bi,,NODE_14_length_135437_cov_32.193242,20621,21709,+,pmrB_Y358N,Escherichia colistin resistant PmrB,core,AMR,POINT,COLISTIN,COLISTIN,POINTX,363,363,100.0,99.45,363,WP_001300761.1,two-component system sensor histidine kinase PmrB,,
INOH1187bi,,NODE_15_length_126509_cov_26.097397,122875,125499,-,gyrA_S83L,Escherichia quinolone resistant GyrA,core,AMR,POINT,QUINOLONE,QUINOLONE,POINTX,875,878,99.66,99.09,875,WP_001281243.1,DNA gyrase subunit A GyrA,,
INOH1187bi,,NODE_16_length_117191_cov_30.827298,40167,41396,-,mdtM,multidrug efflux MFS transporter MdtM,plus,AMR,AMR,EFFLUX,EFFLUX,BLASTX,410,410,100.0,97.8,410,AAC77293.1,multidrug efflux MFS transporter MdtM,,
INOH1187bi,,NODE_19_length_100537_cov_27.311177,88522,89877,+,glpT_E448K,Escherichia fosfomycin resistant GlpT,core,AMR,POINT,FOSFOMYCIN,FOSFOMYCIN,POINTX,452,452,100.0,99.34,452,WP_000948731.1,glycerol-3-phosphate transporter GlpT,,
INOH1187bi,,NODE_1_length_483845_cov_25.338283,114650,114913,-,ariR,biofilm/acid-resistance regulator AriR,plus,STRESS,ACID,,,EXACTX,88,88,100.0,100.0,88,AAC74250.1,biofilm/acid-resistance regulator AriR,,
INOH1187bi,,NODE_20_length_98528_cov_31.713885,92718,93848,+,blaEC,BlaEC family class C beta-lactamase,plus,AMR,AMR,BETA-LACTAM,BETA-LACTAM,BLASTX,377,377,100.0,98.94,377,WP_063610930.1,extended-spectrum class C beta-lactamase EC-15,,
INOH1187bi,,NODE_21_length_98027_cov_29.872896,41190,45437,-,fdeC,inverse autotransporter adhesin FdeC,plus,VIRULENCE,VIRULENCE,,,BLASTX,1416,1416,100.0,94.07,1416,ABE05822.1,inverse autotransporter adhesin FdeC,,
INOH1187bi,,NODE_22_length_95250_cov_31.327259,86756,89857,+,acrF,multidrug efflux RND transporter permease subunit AcrF,plus,AMR,AMR,EFFLUX,EFFLUX,BLASTX,1034,1034,100.0,99.61,1034,AAC76298.1,multidrug efflux RND transporter permease subunit AcrF,,
INOH1187bi,,NODE_2_length_316237_cov_31.932501,50271,50792,+,lpfA,long polar fimbria major subunit LpfA,plus,VIRULENCE,VIRULENCE,,,EXACTX,174,174,100.0,100.0,174,CAV00478.1,long polar fimbria major subunit LpfA,,
INOH1187bi,,NODE_32_length_42207_cov_25.317327,39151,39480,+,emrE,multidrug efflux SMR transporter EmrE,plus,STRESS,BIOCIDE,EFFLUX,EFFLUX,BLASTX,110,110,100.0,97.27,110,CAA77936.1,multidrug efflux SMR transporter EmrE,,
INOH1187bi,,NODE_39_length_34112_cov_28.940846,25749,26039,+,iss,increased serum survival lipoprotein Iss,plus,VIRULENCE,VIRULENCE,,,EXACTX,97,97,100.0,100.0,97,CAR12622.1,increased serum survival lipoprotein Iss,,
INOH1187bi,,NODE_42_length_29466_cov_9.993087,8523,9758,-,aatA,dispersin export ABC transporter outer membrane protein AatA,plus,VIRULENCE,VIRULENCE,,,BLASTX,412,412,100.0,99.76,412,BAF33901.1,dispersin export ABC transporter outer membrane protein AatA,,
INOH1187bi,,NODE_42_length_29466_cov_9.993087,14315,14833,-,agg4A,aggregative adherence fimbria 4 major subunit Agg4A/HdaA,plus,VIRULENCE,VIRULENCE,,,BLASTX,173,170,100.0,84.97,173,BAF33891.1,aggregative adherence fimbria 4 major subunit Agg4A/HdaA,,
INOH1187bi,,NODE_42_length_29466_cov_9.993087,17932,18687,-,agg4D,aggregative adherence fimbria 4 chaperone Agg4D/HdaD,plus,VIRULENCE,VIRULENCE,,,BLASTX,252,252,100.0,99.21,252,BAF33888.1,aggregative adherence fimbria 4 chaperone Agg4D/HdaD,,
INOH1187bi,,NODE_42_length_29466_cov_9.993087,25130,25477,-,aap,dispersin Aap,plus,VIRULENCE,VIRULENCE,,,EXACTX,116,116,100.0,100.0,116,BAF34018.1,dispersin Aap,,
INOH1187bi,,NODE_46_length_24254_cov_31.398427,5857,9711,+,sigA,serine protease autotransporter toxin SigA,plus,VIRULENCE,VIRULENCE,,,BLASTX,1285,1285,100.0,99.84,1285,AAN44449.1,serine protease autotransporter toxin SigA,,
INOH1187bi,,NODE_46_length_24254_cov_31.398427,15977,18064,-,iha,bifunctional siderophore receptor/adhesin Iha,plus,VIRULENCE,VIRULENCE,,,EXACTX,696,696,100.0,100.0,696,AFS75030.1,bifunctional siderophore receptor/adhesin Iha,,
INOH1187bi,,NODE_46_length_24254_cov_31.398427,21514,23706,-,iutA,ferric aerobactin receptor IutA,plus,VIRULENCE,VIRULENCE,,,BLASTX,731,731,100.0,99.59,731,AAN45165.2,ferric aerobactin receptor IutA,,
INOH1187bi,,NODE_56_length_9873_cov_8.398915,1,882,-,iucB,N(6)-hydroxylysine O-acetyltransferase IucB,plus,VIRULENCE,VIRULENCE,,,BLASTX,294,315,93.33,95.92,294,AAN82074.1,N(6)-hydroxylysine O-acetyltransferase IucB,,
INOH1187bi,,NODE_56_length_9873_cov_8.398915,886,2607,-,iucA,aerobactin synthase IucA,plus,VIRULENCE,VIRULENCE,,,BLASTX,574,576,100.0,95.31,576,EGI25746.1,aerobactin synthase IucA,,
INOH1187bi,,NODE_57_length_9864_cov_9.955351,3485,4570,-,capU,putative hexosyltransferase CapU,plus,VIRULENCE,VIRULENCE,,,EXACTX,362,362,100.0,100.0,362,CAV02025.1,putative hexosyltransferase CapU,,
INOH1187bi,,NODE_57_length_9864_cov_9.955351,7151,7945,-,aggR,aggregative adherence transcriptional regulator AggR,plus,VIRULENCE,VIRULENCE,,,EXACTX,265,265,100.0,100.0,265,BAF33878.1,aggregative adherence transcriptional regulator AggR,,
INOH1187bi,,NODE_66_length_4584_cov_61.691193,111,944,-,aph(6)-Id,aminoglycoside O-phosphotransferase APH(6)-Id,core,AMR,AMR,AMINOGLYCOSIDE,STREPTOMYCIN,EXACTX,278,278,100.0,100.0,278,WP_000480968.1,aminoglycoside O-phosphotransferase APH(6)-Id,,
INOH1187bi,,NODE_66_length_4584_cov_61.691193,947,1747,-,aph(3'')-Ib,aminoglycoside O-phosphotransferase APH(3'')-Ib,core,AMR,AMR,AMINOGLYCOSIDE,STREPTOMYCIN,EXACTX,267,267,100.0,100.0,267,WP_001082319.1,aminoglycoside O-phosphotransferase APH(3'')-Ib,,
INOH1187bi,,NODE_66_length_4584_cov_61.691193,1811,2623,-,sul2,sulfonamide-resistant dihydropteroate synthase Sul2,core,AMR,AMR,SULFONAMIDE,SULFONAMIDE,EXACTX,271,271,100.0,100.0,271,WP_001043265.1,sulfonamide-resistant dihydropteroate synthase Sul2,,
INOH1187bi,,NODE_67_length_4155_cov_34.176036,89,859,-,sul1,sulfonamide-resistant dihydropteroate synthase Sul1,core,AMR,AMR,SULFONAMIDE,SULFONAMIDE,BLASTX,257,275,93.45,98.83,257,WP_063855066.1,sulfonamide-resistant dihydropteroate synthase Sul1,,
INOH1187bi,,NODE_67_length_4155_cov_34.176036,856,1200,-,qacEdelta1,quaternary ammonium compound efflux SMR transporter QacE delta 1,core,STRESS,BIOCIDE,QUATERNARY AMMONIUM,QUATERNARY AMMONIUM,ALLELEX,115,115,100.0,100.0,115,WP_000679427.1,quaternary ammonium compound efflux SMR transporter QacE delta 1,,
INOH1187bi,,NODE_67_length_4155_cov_34.176036,1433,1903,-,dfrA7,trimethoprim-resistant dihydrofolate reductase DfrA7,core,AMR,AMR,TRIMETHOPRIM,TRIMETHOPRIM,EXACTX,157,157,100.0,100.0,157,WP_000703418.1,trimethoprim-resistant dihydrofolate reductase DfrA7,,
INOH1187bi,,NODE_71_length_3226_cov_9.009594,593,2779,+,iutA,ferric aerobactin receptor IutA,plus,VIRULENCE,VIRULENCE,,,BLASTX,729,731,99.73,89.71,729,AAN45165.2,ferric aerobactin receptor IutA,,
INOH1187bi,,NODE_73_length_2907_cov_29.282051,1,882,-,iucB,N(6)-hydroxylysine O-acetyltransferase IucB,plus,VIRULENCE,VIRULENCE,,,BLASTX,294,315,93.33,99.32,294,AAN82074.1,N(6)-hydroxylysine O-acetyltransferase IucB,,
INOH1187bi,,NODE_73_length_2907_cov_29.282051,886,2133,-,iucA,aerobactin synthase IucA,plus,VIRULENCE,VIRULENCE,,,PARTIALX,416,576,72.22,99.04,416,EGI25746.1,aerobactin synthase IucA,,
INOH1187bi,,NODE_74_length_2781_cov_33.181581,3,878,-,iucD,NADPH-dependent L-lysine N(6)-monooxygenase IucD,plus,VIRULENCE,VIRULENCE,,,PARTIAL_CONTIG_ENDX,292,445,65.62,99.66,292,AAD44749.1,NADPH-dependent L-lysine N(6)-monooxygenase IucD,,
INOH1187bi,,NODE_74_length_2781_cov_33.181581,878,2617,-,iucC,NIS family aerobactin synthetase IucC,plus,VIRULENCE,VIRULENCE,,,BLASTX,580,580,100.0,99.48,580,AAN82073.1,NIS family aerobactin synthetase IucC,,
INOH1187bi,,NODE_81_length_1823_cov_61.834027,433,1290,+,blaTEM-1,broad-spectrum class A beta-lactamase TEM-1,core,AMR,AMR,BETA-LACTAM,BETA-LACTAM,ALLELEX,286,286,100.0,100.0,286,WP_000027057.1,broad-spectrum class A beta-lactamase TEM-1,,
INOH1196ci,,NODE_11_length_125095_cov_35.182710,102679,103809,+,blaEC,BlaEC family class C beta-lactamase,plus,AMR,AMR,BETA-LACTAM,BETA-LACTAM,BLASTX,377,377,100.0,98.67,377,WP_063610930.1,extended-spectrum class C beta-lactamase EC-15,,
INOH1196ci,,NODE_140_length_1141_cov_56.538388,2,823,-,yfdX2,heat resistance protein YfdX2,plus,STRESS,HEAT,,,BLASTX,274,295,92.88,96.72,274,ASF80766.1,heat resistance protein YfdX2,,
INOH1196ci,,NODE_16_length_100284_cov_24.756061,5724,5987,-,ariR,biofilm/acid-resistance regulator AriR,plus,STRESS,ACID,,,EXACTX,88,88,100.0,100.0,88,AAC74250.1,biofilm/acid-resistance regulator AriR,,
INOH1196ci,,NODE_24_length_76384_cov_34.659487,2513,3601,+,pmrB_Y358N,Escherichia colistin resistant PmrB,core,AMR,POINT,COLISTIN,COLISTIN,POINTX,363,363,100.0,99.17,363,WP_001300761.1,two-component system sensor histidine kinase PmrB,,
INOH1196ci,,NODE_2_length_275288_cov_31.341231,128093,129415,+,espX1,type III secretion system effector EspX1,plus,VIRULENCE,VIRULENCE,,,INTERNAL_STOP,441,473,93.23,86.62,441,ADD54679.1,type III secretion system effector EspX1,,
INOH1196ci,,NODE_2_length_275288_cov_31.341231,221382,222611,+,mdtM,multidrug efflux MFS transporter MdtM,plus,AMR,AMR,EFFLUX,EFFLUX,BLASTX,410,410,100.0,97.8,410,AAC77293.1,multidrug efflux MFS transporter MdtM,,
INOH1196ci,,NODE_34_length_49311_cov_36.165224,27576,28004,-,silE,silver-binding protein SilE,plus,STRESS,METAL,SILVER,SILVER,EXACTX,143,143,100.0,100.0,143,AAD11743.1,silver-binding protein SilE,,
INOH1196ci,,NODE_34_length_49311_cov_36.165224,28258,29730,-,silS,copper/silver sensor histidine kinase SilS,plus,STRESS,METAL,COPPER/SILVER,COPPER/SILVER,BLASTX,491,491,100.0,97.76,491,SPD96882.1,copper/silver sensor histidine kinase SilS,,
INOH1196ci,,NODE_34_length_49311_cov_36.165224,29726,30403,-,silR,copper/silver response regulator transcription factor SilR,plus,STRESS,METAL,COPPER/SILVER,COPPER/SILVER,BLASTX,226,226,100.0,99.56,226,SPD96883.1,copper/silver response regulator transcription factor SilR,,
INOH1196ci,,NODE_34_length_49311_cov_36.165224,30593,31975,+,silC,Cu(+)/Ag(+) efflux RND transporter outer membrane channel SilC,plus,STRESS,METAL,COPPER/SILVER,COPPER/SILVER,BLASTX,461,461,100.0,99.78,461,AAD11746.1,Cu(+)/Ag(+) efflux RND transporter outer membrane channel SilC,,
INOH1196ci,,NODE_34_length_49311_cov_36.165224,32006,32356,+,silF,Cu(+)/Ag(+) efflux RND transporter periplasmic metallochaperone SilF,plus,STRESS,METAL,COPPER/SILVER,COPPER/SILVER,EXACTX,117,117,100.0,100.0,117,KGL71342.1,Cu(+)/Ag(+) efflux RND transporter periplasmic metallochaperone SilF,,
INOH1196ci,,NODE_34_length_49311_cov_36.165224,32473,33762,+,silB,Cu(+)/Ag(+) efflux RND transporter periplasmic adaptor subunit SilB,plus,STRESS,METAL,COPPER/SILVER,COPPER/SILVER,BLASTX,430,430,100.0,99.77,430,AAD11748.1,Cu(+)/Ag(+) efflux RND transporter periplasmic adaptor subunit SilB,,
INOH1196ci,,NODE_34_length_49311_cov_36.165224,33776,36919,+,silA,Cu(+)/Ag(+) efflux RND transporter permease subunit SilA,plus,STRESS,METAL,COPPER/SILVER,COPPER/SILVER,BLASTX,1048,1048,100.0,98.76,1048,AAD11749.1,Cu(+)/Ag(+) efflux RND transporter permease subunit SilA,,
INOH1196ci,,NODE_34_length_49311_cov_36.165224,37555,40020,+,silP,Ag(+)-translocating P-type ATPase SilP,plus,STRESS,METAL,SILVER,SILVER,BLASTX,822,824,99.64,94.29,823,AAD11750.1,Ag(+)-translocating P-type ATPase SilP,,
INOH1196ci,,NODE_34_length_49311_cov_36.165224,41991,43805,+,pcoA,multicopper oxidase PcoA,plus,STRESS,METAL,COPPER,COPPER,BLASTX,605,605,100.0,99.83,605,CAA58525.1,multicopper oxidase PcoA,,
INOH1196ci,,NODE_34_length_49311_cov_36.165224,43814,44701,+,pcoB,copper-binding protein PcoB,plus,STRESS,METAL,COPPER,COPPER,BLASTX,296,296,100.0,99.66,296,CAA58526.1,copper-binding protein PcoB,,
INOH1196ci,,NODE_34_length_49311_cov_36.165224,44744,45121,+,pcoC,copper resistance system metallochaperone PcoC,plus,STRESS,METAL,COPPER,COPPER,EXACTX,126,126,100.0,100.0,126,CAA58527.1,copper resistance system metallochaperone PcoC,,
INOH1196ci,,NODE_34_length_49311_cov_36.165224,45129,46055,+,pcoD,copper resistance inner membrane protein PcoD,plus,STRESS,METAL,COPPER,COPPER,EXACTX,309,309,100.0,100.0,309,CAA58528.1,copper resistance inner membrane protein PcoD,,
INOH1196ci,,NODE_34_length_49311_cov_36.165224,46113,46790,+,pcoR,copper response regulator transcription factor PcoR,plus,STRESS,METAL,COPPER,COPPER,EXACTX,226,226,100.0,100.0,226,CAA58529.1,copper response regulator transcription factor PcoR,,
INOH1196ci,,NODE_34_length_49311_cov_36.165224,46790,48187,+,pcoS,copper resistance membrane spanning protein PcoS,plus,STRESS,METAL,COPPER,COPPER,BLASTX,466,466,100.0,99.57,466,CAA58530.1,copper resistance membrane spanning protein PcoS,,
INOH1196ci,,NODE_34_length_49311_cov_36.165224,48408,48839,+,pcoE,copper resistance system metallochaperone PcoE,plus,STRESS,METAL,COPPER,COPPER,BLASTX,144,144,100.0,92.36,144,CAA58532.1,copper resistance system metallochaperone PcoE,,
INOH1196ci,,NODE_3_length_195739_cov_25.778696,161694,163049,-,glpT_E448K,Escherichia fosfomycin resistant GlpT,core,AMR,POINT,FOSFOMYCIN,FOSFOMYCIN,POINTX,452,452,100.0,99.78,452,WP_000948731.1,glycerol-3-phosphate transporter GlpT,,
INOH1196ci,,NODE_43_length_35088_cov_35.441853,4300,4869,-,lpfA-O113,long polar fimbria major subunit LpfA-O113,plus,VIRULENCE,VIRULENCE,,,EXACTX,190,190,100.0,100.0,190,AAT76975.1,long polar fimbria major subunit LpfA-O113,,
INOH1196ci,,NODE_52_length_21888_cov_22.462665,1,798,-,yfdX1,heat resistance protein YfdX1,plus,STRESS,HEAT,,,PARTIAL_CONTIG_ENDX,266,304,87.5,92.48,266,APX31172.1,heat resistance protein YfdX1,,
INOH1196ci,,NODE_52_length_21888_cov_22.462665,823,1278,-,shsP,small heat shock protein sHSP20-GI,plus,STRESS,HEAT,,,BLASTX,152,152,100.0,98.03,152,ASF80771.1,small heat shock protein sHSP20-GI,,
INOH1196ci,,NODE_52_length_21888_cov_22.462665,4167,7013,-,clpK,heat shock survival AAA family ATPase ClpK,plus,STRESS,HEAT,,,BLASTX,949,949,100.0,94.73,949,ASF80763.1,heat shock survival AAA family ATPase ClpK,,
INOH1196ci,,NODE_65_length_15836_cov_22.598081,13305,13742,-,trxLHR,heat resistance system thioredoxin Trx-GI,plus,STRESS,HEAT,,,BLASTX,146,146,100.0,90.41,146,APX31176.1,heat resistance system thioredoxin Trx-GI,,
INOH1196ci,,NODE_68_length_12439_cov_24.805835,1520,1939,-,merC,organomercurial transporter MerC,plus,STRESS,METAL,MERCURY,ORGANOMERCURY,EXACTX,140,140,100.0,100.0,140,AAC33908.1,organomercurial transporter MerC,,
INOH1196ci,,NODE_68_length_12439_cov_24.805835,1978,2250,-,merP,mercury resistance system periplasmic binding protein MerP,plus,STRESS,METAL,MERCURY,MERCURY,BLASTX,91,91,100.0,90.11,91,AAC38219.1,mercury resistance system periplasmic binding protein MerP,,
INOH1196ci,,NODE_68_length_12439_cov_24.805835,2267,2614,-,merT,mercuric transport protein MerT,plus,STRESS,METAL,MERCURY,MERCURY,EXACTX,116,116,100.0,100.0,116,AAB59075.1,mercuric transport protein MerT,,
INOH1196ci,,NODE_68_length_12439_cov_24.805835,2686,3117,+,merR,mercury resistance transcriptional regulator MerR,plus,STRESS,METAL,MERCURY,MERCURY,BLASTX,144,144,100.0,93.75,144,CAA77320.1,mercury resistance transcriptional regulator MerR,,
INOH1196ci,,NODE_73_length_10026_cov_32.777677,5393,8494,-,acrF,multidrug efflux RND transporter permease subunit AcrF,plus,AMR,AMR,EFFLUX,EFFLUX,BLASTX,1034,1034,100.0,99.61,1034,AAC76298.1,multidrug efflux RND transporter permease subunit AcrF,,
INOH1196ci,,NODE_76_length_9215_cov_33.028960,2362,2928,+,hsp20,small heat shock protein sHSP20,plus,STRESS,HEAT,,,BLASTX,189,189,100.0,98.94,189,CDY80020.1,small heat shock protein sHSP20,,
INOH1196ci,,NODE_76_length_9215_cov_33.028960,3037,5883,+,clpK,heat shock survival AAA family ATPase ClpK,plus,STRESS,HEAT,,,BLASTX,949,949,100.0,99.58,949,ASF80763.1,heat shock survival AAA family ATPase ClpK,,
INOH1196ci,,NODE_76_length_9215_cov_33.028960,7944,8399,+,shsP,small heat shock protein sHSP20-GI,plus,STRESS,HEAT,,,BLASTX,152,152,100.0,97.37,152,ASF80771.1,small heat shock protein sHSP20-GI,,
INOH1196ci,,NODE_76_length_9215_cov_33.028960,8424,9215,+,yfdX1,heat resistance protein YfdX1,plus,STRESS,HEAT,,,PARTIAL_CONTIG_ENDX,264,304,87.5,90.98,266,APX31172.1,heat resistance protein YfdX1,,
INOH1196ci,,NODE_79_length_8865_cov_34.418549,254,862,+,hdeD-GI,heat resistance membrane protein HdeD-GI,plus,STRESS,HEAT,,,EXACTX,203,203,100.0,100.0,203,APX31174.1,heat resistance membrane protein HdeD-GI,,
INOH1196ci,,NODE_79_length_8865_cov_34.418549,2080,2517,+,trxLHR,heat resistance system thioredoxin Trx-GI,plus,STRESS,HEAT,,,BLASTX,146,146,100.0,98.63,146,APX31176.1,heat resistance system thioredoxin Trx-GI,,
INOH1196ci,,NODE_79_length_8865_cov_34.418549,2524,4236,+,kefB-GI,heat resistance system K+/H+ antiporter KefB-GI,plus,STRESS,HEAT,,,BLASTX,571,571,100.0,99.12,571,APX31177.1,heat resistance system K+/H+ antiporter KefB-GI,,
INOH1196ci,,NODE_79_length_8865_cov_34.418549,4236,4730,+,psi-GI,heat resistance protein PsiE-GI,plus,STRESS,HEAT,,,BLASTX,165,165,100.0,97.58,165,APX31178.1,heat resistance protein PsiE-GI,,
INOH1228ai,,NODE_10_length_148159_cov_32.541956,5225,8326,-,acrF,multidrug efflux RND transporter permease subunit AcrF,plus,AMR,AMR,EFFLUX,EFFLUX,BLASTX,1034,1034,100.0,99.52,1034,AAC76298.1,multidrug efflux RND transporter permease subunit AcrF,,
INOH1228ai,,NODE_15_length_91581_cov_30.944055,40175,44416,+,fdeC,inverse autotransporter adhesin FdeC,plus,VIRULENCE,VIRULENCE,,,BLASTX,1414,1416,99.93,92.37,1415,ABE05822.1,inverse autotransporter adhesin FdeC,,
INOH1228ai,,NODE_1_length_855045_cov_25.170950,151872,153227,+,glpT_E448K,Escherichia fosfomycin resistant GlpT,core,AMR,POINT,FOSFOMYCIN,FOSFOMYCIN,POINTX,452,452,100.0,99.78,452,WP_000948731.1,glycerol-3-phosphate transporter GlpT,,
INOH1228ai,,NODE_1_length_855045_cov_25.170950,845651,845941,-,iss,increased serum survival lipoprotein Iss,plus,VIRULENCE,VIRULENCE,,,EXACTX,97,97,100.0,100.0,97,BAG76115.1,increased serum survival lipoprotein Iss,,
INOH1228ai,,NODE_2_length_638140_cov_25.173458,294887,295150,-,ariR,biofilm/acid-resistance regulator AriR,plus,STRESS,ACID,,,EXACTX,88,88,100.0,100.0,88,AAC74250.1,biofilm/acid-resistance regulator AriR,,
INOH1228ai,,NODE_5_length_339580_cov_31.508417,201078,202304,+,espX1,type III secretion system effector EspX1,plus,VIRULENCE,VIRULENCE,,,PARTIALX,409,473,86.47,90.95,409,ADD54679.1,type III secretion system effector EspX1,,
INOH1228ai,,NODE_5_length_339580_cov_31.508417,293122,294351,+,mdtM,multidrug efflux MFS transporter MdtM,plus,AMR,AMR,EFFLUX,EFFLUX,BLASTX,410,410,100.0,98.05,410,AAC77293.1,multidrug efflux MFS transporter MdtM,,
INOH1228ai,,NODE_5_length_339580_cov_31.508417,326577,326996,-,fosA7.5,fosfomycin resistance glutathione transferase FosA7.5,core,AMR,AMR,FOSFOMYCIN,FOSFOMYCIN,ALLELEX,140,140,100.0,100.0,140,WP_000941933.1,fosfomycin resistance glutathione transferase FosA7.5,,
INOH1228ai,,NODE_6_length_324149_cov_33.281879,50318,50839,+,lpfA,long polar fimbria major subunit LpfA,plus,VIRULENCE,VIRULENCE,,,EXACTX,174,174,100.0,100.0,174,CAV00478.1,long polar fimbria major subunit LpfA,,
INOH1228ai,,NODE_7_length_278949_cov_33.306982,118534,119664,+,blaEC,BlaEC family class C beta-lactamase,plus,AMR,AMR,BETA-LACTAM,BETA-LACTAM,BLASTX,377,377,100.0,98.67,377,WP_063610930.1,extended-spectrum class C beta-lactamase EC-15,,
INOH1228ai,,NODE_7_length_278949_cov_33.306982,164199,165287,+,pmrB_Y358N,Escherichia colistin resistant PmrB,core,AMR,POINT,COLISTIN,COLISTIN,POINTX,363,363,100.0,99.45,363,WP_001300761.1,two-component system sensor histidine kinase PmrB,,
INOH1228ai,,NODE_8_length_186696_cov_34.633011,30222,30791,+,lpfA-O113,long polar fimbria major subunit LpfA-O113,plus,VIRULENCE,VIRULENCE,,,EXACTX,190,190,100.0,100.0,190,AAT76975.1,long polar fimbria major subunit LpfA-O113,,
